,"country,food_category,consumption,co2_emmission"
0,"Argentina,Pork,10.51,37.2"
1,"Argentina,Poultry,38.660000000000004,41.53"
2,"Argentina,Beef,55.48,1712"
3,"Argentina,Lamb & Goat,1.56,54.63"
4,"Argentina,Fish,4.359999999999999,6.96"
5,"Argentina,Eggs,11.39,10.46"
6,"Argentina,Milk - inc. cheese,195.08,277.87"
7,"Argentina,Wheat and Wheat Products,103.11,19.66"
8,"Argentina,Rice,8.77,11.219999999999999"
9,"Argentina,Soybeans,0,0"
10,"Argentina,Nuts inc. Peanut Butter,0.49,0.8700000000000001"
11,"Australia,Pork,24.14,85.44000000000001"
12,"Australia,Poultry,46.120000000000005,49.54"
13,"Australia,Beef,33.86,1044.85"
14,"Australia,Lamb & Goat,9.870000000000001,345.65000000000003"
15,"Australia,Fish,17.69,28.25"
16,"Australia,Eggs,8.51,7.819999999999999"
17,"Australia,Milk - inc. cheese,234.49,334.01"
18,"Australia,Wheat and Wheat Products,70.46000000000001,13.44"
19,"Australia,Rice,11.03,14.12"
20,"Australia,Soybeans,0.19,0.09"
21,"Australia,Nuts inc. Peanut Butter,8.729999999999999,15.450000000000001"
22,"Albania,Pork,10.88,38.51"
23,"Albania,Poultry,13.229999999999999,14.209999999999999"
24,"Albania,Beef,22.5,694.3"
25,"Albania,Lamb & Goat,15.32,536.5"
26,"Albania,Fish,3.8499999999999996,6.1499999999999995"
27,"Albania,Eggs,12.450000000000001,11.44"
28,"Albania,Milk - inc. cheese,303.71999999999997,432.62"
29,"Albania,Wheat and Wheat Products,138.64,26.439999999999998"
30,"Albania,Rice,7.78,9.96"
31,"Albania,Soybeans,0,0"
32,"Albania,Nuts inc. Peanut Butter,4.359999999999999,7.72"
33,"Iceland,Pork,21.69,76.77"
34,"Iceland,Poultry,26.87,28.86"
35,"Iceland,Beef,13.360000000000001,412.26"
36,"Iceland,Lamb & Goat,21.12,739.62"
37,"Iceland,Fish,74.41000000000001,118.81"
38,"Iceland,Eggs,8.239999999999998,7.57"
39,"Iceland,Milk - inc. cheese,225.82000000000002,321.66"
40,"Iceland,Wheat and Wheat Products,72.92,13.91"
41,"Iceland,Rice,3.8899999999999997,4.98"
42,"Iceland,Soybeans,0.11,0.05"
43,"Iceland,Nuts inc. Peanut Butter,3.88,6.87"
44,"New Zealand,Pork,22.29,78.9"
45,"New Zealand,Poultry,34.98,37.58"
46,"New Zealand,Beef,22.49,693.99"
47,"New Zealand,Lamb & Goat,18.91,662.23"
48,"New Zealand,Fish,20.36,32.51"
49,"New Zealand,Eggs,9.91,9.1"
50,"New Zealand,Milk - inc. cheese,137.25,195.5"
51,"New Zealand,Wheat and Wheat Products,76.91000000000001,14.67"
52,"New Zealand,Rice,9.16,11.719999999999999"
53,"New Zealand,Soybeans,0.44,0.2"
54,"New Zealand,Nuts inc. Peanut Butter,8.219999999999999,14.55"
55,"USA,Pork,27.64,97.83"
56,"USA,Poultry,50.01,53.720000000000006"
57,"USA,Beef,36.24,1118.29"
58,"USA,Lamb & Goat,0.43000000000000005,15.06"
59,"USA,Fish,12.350000000000001,19.72"
60,"USA,Eggs,14.58,13.39"
61,"USA,Milk - inc. cheese,254.69,362.78"
62,"USA,Wheat and Wheat Products,80.43,15.34"
63,"USA,Rice,6.88,8.8"
64,"USA,Soybeans,0.04,0.02"
65,"USA,Nuts inc. Peanut Butter,7.859999999999999,13.91"
66,"Uruguay,Pork,16.84,59.61"
67,"Uruguay,Poultry,27.45,29.49"
68,"Uruguay,Beef,29.1,897.9599999999999"
69,"Uruguay,Lamb & Goat,8.229999999999999,288.21"
70,"Uruguay,Fish,6.53,10.43"
71,"Uruguay,Eggs,13.139999999999999,12.07"
72,"Uruguay,Milk - inc. cheese,210.54,299.89"
73,"Uruguay,Wheat and Wheat Products,109.31,20.85"
74,"Uruguay,Rice,11.5,14.719999999999999"
75,"Uruguay,Soybeans,0.01,0"
76,"Uruguay,Nuts inc. Peanut Butter,0.9500000000000001,1.6800000000000002"
77,"Luxembourg,Pork,43.58,154.25"
78,"Luxembourg,Poultry,21.37,22.959999999999997"
79,"Luxembourg,Beef,29.88,922.03"
80,"Luxembourg,Lamb & Goat,1.6700000000000002,58.48"
81,"Luxembourg,Fish,23.09,36.87"
82,"Luxembourg,Eggs,14.639999999999999,13.450000000000001"
83,"Luxembourg,Milk - inc. cheese,255.3,363.65000000000003"
84,"Luxembourg,Wheat and Wheat Products,103.2,19.68"
85,"Luxembourg,Rice,4.2,5.37"
86,"Luxembourg,Soybeans,0.04,0.02"
87,"Luxembourg,Nuts inc. Peanut Butter,0.93,1.6500000000000001"
88,"Brazil,Pork,12.6,44.6"
89,"Brazil,Poultry,45,48.339999999999996"
90,"Brazil,Beef,39.25,1211.1699999999998"
91,"Brazil,Lamb & Goat,0.62,21.71"
92,"Brazil,Fish,10.01,15.98"
93,"Brazil,Eggs,8.98,8.25"
94,"Brazil,Milk - inc. cheese,149.28,212.63"
95,"Brazil,Wheat and Wheat Products,53,10.11"
96,"Brazil,Rice,32.13,41.120000000000005"
97,"Brazil,Soybeans,3.62,1.6300000000000001"
98,"Brazil,Nuts inc. Peanut Butter,0.6699999999999999,1.1900000000000002"
99,"Kazakhstan,Pork,10.360000000000001,36.67"
100,"Kazakhstan,Poultry,18.38,19.74"
101,"Kazakhstan,Beef,23.38,721.4599999999999"
102,"Kazakhstan,Lamb & Goat,9.56,334.78999999999996"
103,"Kazakhstan,Fish,5.21,8.32"
104,"Kazakhstan,Eggs,8.29,7.619999999999999"
105,"Kazakhstan,Milk - inc. cheese,288.12,410.4"
106,"Kazakhstan,Wheat and Wheat Products,92.31,17.6"
107,"Kazakhstan,Rice,7.319999999999999,9.370000000000001"
108,"Kazakhstan,Soybeans,0.03,0.01"
109,"Kazakhstan,Nuts inc. Peanut Butter,5.14,9.1"
110,"Sweden,Pork,37,130.96"
111,"Sweden,Poultry,16.64,17.87"
112,"Sweden,Beef,24.58,758.49"
113,"Sweden,Lamb & Goat,1.41,49.379999999999995"
114,"Sweden,Fish,23.86,38.1"
115,"Sweden,Eggs,13.370000000000001,12.28"
116,"Sweden,Milk - inc. cheese,341.22999999999996,486.05"
117,"Sweden,Wheat and Wheat Products,79.59,15.18"
118,"Sweden,Rice,5.96,7.63"
119,"Sweden,Soybeans,0.13,0.06"
120,"Sweden,Nuts inc. Peanut Butter,6.23,11.03"
121,"Bermuda,Pork,28.24,99.96000000000001"
122,"Bermuda,Poultry,32.620000000000005,35.04"
123,"Bermuda,Beef,33.15,1022.9399999999999"
124,"Bermuda,Lamb & Goat,2.71,94.9"
125,"Bermuda,Fish,33.220000000000006,53.04"
126,"Bermuda,Eggs,14.92,13.709999999999999"
127,"Bermuda,Milk - inc. cheese,95.56,136.12"
128,"Bermuda,Wheat and Wheat Products,54.879999999999995,10.47"
129,"Bermuda,Rice,5.38,6.88"
130,"Bermuda,Soybeans,0.22,0.1"
131,"Bermuda,Nuts inc. Peanut Butter,5.72,10.12"
132,"Denmark,Pork,24.87,88.03"
133,"Denmark,Poultry,26.75,28.73"
134,"Denmark,Beef,28.459999999999997,878.22"
135,"Denmark,Lamb & Goat,0.92,32.220000000000006"
136,"Denmark,Fish,16.49,26.330000000000002"
137,"Denmark,Eggs,15.350000000000001,14.1"
138,"Denmark,Milk - inc. cheese,277.3,394.98999999999995"
139,"Denmark,Wheat and Wheat Products,98,18.69"
140,"Denmark,Rice,4.96,6.35"
141,"Denmark,Soybeans,0.03,0.01"
142,"Denmark,Nuts inc. Peanut Butter,5.94,10.51"
143,"Finland,Pork,36.14,127.92"
144,"Finland,Poultry,19.87,21.34"
145,"Finland,Beef,19.22,593.09"
146,"Finland,Lamb & Goat,0.53,18.56"
147,"Finland,Fish,33.8,53.97"
148,"Finland,Eggs,9.55,8.77"
149,"Finland,Milk - inc. cheese,430.76,613.57"
150,"Finland,Wheat and Wheat Products,81.99000000000001,15.639999999999999"
151,"Finland,Rice,4.42,5.659999999999999"
152,"Finland,Soybeans,0.08,0.04"
153,"Finland,Nuts inc. Peanut Butter,3.4299999999999997,6.07"
154,"Ireland,Pork,32.4,114.67999999999999"
155,"Ireland,Poultry,26.259999999999998,28.21"
156,"Ireland,Beef,22.35,689.6700000000001"
157,"Ireland,Lamb & Goat,4.1,143.58"
158,"Ireland,Fish,17.39,27.77"
159,"Ireland,Eggs,8.96,8.229999999999999"
160,"Ireland,Milk - inc. cheese,291.86,415.72999999999996"
161,"Ireland,Wheat and Wheat Products,107.98,20.59"
162,"Ireland,Rice,3,3.84"
163,"Ireland,Soybeans,0.25,0.11"
164,"Ireland,Nuts inc. Peanut Butter,4.1,7.26"
165,"Greece,Pork,28.310000000000002,100.2"
166,"Greece,Poultry,15.739999999999998,16.91"
167,"Greece,Beef,16.1,496.81"
168,"Greece,Lamb & Goat,12.47,436.7"
169,"Greece,Fish,14.42,23.02"
170,"Greece,Eggs,10.129999999999999,9.31"
171,"Greece,Milk - inc. cheese,255.26,363.59"
172,"Greece,Wheat and Wheat Products,124.04,23.650000000000002"
173,"Greece,Rice,6.64,8.5"
174,"Greece,Soybeans,0.02,0.01"
175,"Greece,Nuts inc. Peanut Butter,10.5,18.59"
176,"France,Pork,33.05,116.98"
177,"France,Poultry,22.93,24.630000000000003"
178,"France,Beef,23.810000000000002,734.73"
179,"France,Lamb & Goat,3.2800000000000002,114.86999999999999"
180,"France,Fish,22.91,36.58"
181,"France,Eggs,13.129999999999999,12.06"
182,"France,Milk - inc. cheese,241.31,343.71999999999997"
183,"France,Wheat and Wheat Products,108.43,20.68"
184,"France,Rice,4.88,6.24"
185,"France,Soybeans,0.05,0.02"
186,"France,Nuts inc. Peanut Butter,5.39,9.54"
187,"Canada,Pork,22.810000000000002,80.74000000000001"
188,"Canada,Poultry,36.68,39.4"
189,"Canada,Beef,30.25,933.4499999999999"
190,"Canada,Lamb & Goat,0.97,33.97"
191,"Canada,Fish,14.56,23.25"
192,"Canada,Eggs,12.950000000000001,11.9"
193,"Canada,Milk - inc. cheese,187.76999999999998,267.46"
194,"Canada,Wheat and Wheat Products,84.96000000000001,16.2"
195,"Canada,Rice,12.65,16.19"
196,"Canada,Soybeans,0.9400000000000001,0.42000000000000004"
197,"Canada,Nuts inc. Peanut Butter,8.01,14.18"
198,"Norway,Pork,23.51,83.21000000000001"
199,"Norway,Poultry,21.01,22.57"
200,"Norway,Beef,19.830000000000002,611.91"
201,"Norway,Lamb & Goat,5.34,187.01"
202,"Norway,Fish,38.18,60.96"
203,"Norway,Eggs,11.41,10.48"
204,"Norway,Milk - inc. cheese,261.34000000000003,372.25"
205,"Norway,Wheat and Wheat Products,97.11999999999999,18.52"
206,"Norway,Rice,4.359999999999999,5.58"
207,"Norway,Soybeans,0.11,0.05"
208,"Norway,Nuts inc. Peanut Butter,5.28,9.350000000000001"
209,"Hong Kong SAR. China,Pork,67.11,237.54"
210,"Hong Kong SAR. China,Poultry,54.86,58.93"
211,"Hong Kong SAR. China,Beef,25.82,796.75"
212,"Hong Kong SAR. China,Lamb & Goat,2.22,77.74000000000001"
213,"Hong Kong SAR. China,Fish,42.44,67.76"
214,"Hong Kong SAR. China,Eggs,14.5,13.32"
215,"Hong Kong SAR. China,Milk - inc. cheese,105.85,150.76999999999998"
216,"Hong Kong SAR. China,Wheat and Wheat Products,53.14,10.129999999999999"
217,"Hong Kong SAR. China,Rice,43.48,55.64"
218,"Hong Kong SAR. China,Soybeans,2.79,1.26"
219,"Hong Kong SAR. China,Nuts inc. Peanut Butter,13.81,24.439999999999998"
220,"French Polynesia,Pork,14.75,52.21"
221,"French Polynesia,Poultry,49.55,53.230000000000004"
222,"French Polynesia,Beef,30.9,953.51"
223,"French Polynesia,Lamb & Goat,2.8299999999999996,99.11"
224,"French Polynesia,Fish,38.949999999999996,62.190000000000005"
225,"French Polynesia,Eggs,8.75,8.04"
226,"French Polynesia,Milk - inc. cheese,93.56,133.26999999999998"
227,"French Polynesia,Wheat and Wheat Products,68.66999999999999,13.1"
228,"French Polynesia,Rice,35.59,45.54"
229,"French Polynesia,Soybeans,0.77,0.35"
230,"French Polynesia,Nuts inc. Peanut Butter,2.34,4.14"
231,"Israel,Pork,1.99,7.04"
232,"Israel,Poultry,62.5,67.14"
233,"Israel,Beef,28.779999999999998,888.09"
234,"Israel,Lamb & Goat,1.87,65.49000000000001"
235,"Israel,Fish,22.18,35.41"
236,"Israel,Eggs,11.350000000000001,10.43"
237,"Israel,Milk - inc. cheese,193.6,275.76"
238,"Israel,Wheat and Wheat Products,110.86,21.14"
239,"Israel,Rice,16.810000000000002,21.51"
240,"Israel,Soybeans,0.1,0.05"
241,"Israel,Nuts inc. Peanut Butter,7.71,13.65"
242,"Switzerland,Pork,31.49,111.46000000000001"
243,"Switzerland,Poultry,16.38,17.6"
244,"Switzerland,Beef,21.259999999999998,656.04"
245,"Switzerland,Lamb & Goat,1.42,49.730000000000004"
246,"Switzerland,Fish,13.48,21.52"
247,"Switzerland,Eggs,10.53,9.67"
248,"Switzerland,Milk - inc. cheese,318.69,453.94"
249,"Switzerland,Wheat and Wheat Products,89.51,17.07"
250,"Switzerland,Rice,2.4299999999999997,3.11"
251,"Switzerland,Soybeans,0.44,0.2"
252,"Switzerland,Nuts inc. Peanut Butter,9.27,16.41"
253,"Netherlands,Pork,36.36,128.7"
254,"Netherlands,Poultry,23.9,25.67"
255,"Netherlands,Beef,17.67,545.26"
256,"Netherlands,Lamb & Goat,0.9400000000000001,32.92"
257,"Netherlands,Fish,18.64,29.759999999999998"
258,"Netherlands,Eggs,14.03,12.89"
259,"Netherlands,Milk - inc. cheese,341.46999999999997,486.39"
260,"Netherlands,Wheat and Wheat Products,70.16999999999999,13.38"
261,"Netherlands,Rice,2.9299999999999997,3.75"
262,"Netherlands,Soybeans,0.12000000000000001,0.05"
263,"Netherlands,Nuts inc. Peanut Butter,7.94,14.05"
264,"Kuwait,Pork,0,0"
265,"Kuwait,Poultry,53.61,57.59"
266,"Kuwait,Beef,13.03,402.08"
267,"Kuwait,Lamb & Goat,15.61,546.66"
268,"Kuwait,Fish,11.99,19.14"
269,"Kuwait,Eggs,12.6,11.57"
270,"Kuwait,Milk - inc. cheese,157.66,224.57"
271,"Kuwait,Wheat and Wheat Products,96.76,18.45"
272,"Kuwait,Rice,43.83,56.09"
273,"Kuwait,Soybeans,0.06,0.03"
274,"Kuwait,Nuts inc. Peanut Butter,5.23,9.26"
275,"United Kingdom,Pork,25.79,91.28"
276,"United Kingdom,Poultry,31.55,33.89"
277,"United Kingdom,Beef,18.12,559.15"
278,"United Kingdom,Lamb & Goat,4.49,157.23999999999998"
279,"United Kingdom,Fish,15.49,24.73"
280,"United Kingdom,Eggs,11.08,10.18"
281,"United Kingdom,Milk - inc. cheese,232.2,330.75"
282,"United Kingdom,Wheat and Wheat Products,98.63,18.810000000000002"
283,"United Kingdom,Rice,6.39,8.18"
284,"United Kingdom,Soybeans,0.05,0.02"
285,"United Kingdom,Nuts inc. Peanut Butter,4.18,7.4"
286,"Austria,Pork,52.56,186.04"
287,"Austria,Poultry,18.610000000000003,19.99"
288,"Austria,Beef,17.14,528.9"
289,"Austria,Lamb & Goat,1.1600000000000001,40.620000000000005"
290,"Austria,Fish,12.16,19.419999999999998"
291,"Austria,Eggs,14.68,13.49"
292,"Austria,Milk - inc. cheese,258.09,367.62"
293,"Austria,Wheat and Wheat Products,81.1,15.47"
294,"Austria,Rice,3.7,4.73"
295,"Austria,Soybeans,2.06,0.93"
296,"Austria,Nuts inc. Peanut Butter,7.88,13.950000000000001"
297,"Oman,Pork,0.01,0.04"
298,"Oman,Poultry,31.51,33.849999999999994"
299,"Oman,Beef,15.1,465.95"
300,"Oman,Lamb & Goat,12.870000000000001,450.71"
301,"Oman,Fish,21.56,34.42"
302,"Oman,Eggs,7.8,7.17"
303,"Oman,Milk - inc. cheese,152.28,216.91"
304,"Oman,Wheat and Wheat Products,64.1,12.219999999999999"
305,"Oman,Rice,56.55,72.36999999999999"
306,"Oman,Soybeans,0.21000000000000002,0.09"
307,"Oman,Nuts inc. Peanut Butter,1.6800000000000002,2.9699999999999998"
308,"Italy,Pork,40.28,142.57"
309,"Italy,Poultry,18.610000000000003,19.99"
310,"Italy,Beef,18.6,573.9599999999999"
311,"Italy,Lamb & Goat,0.92,32.220000000000006"
312,"Italy,Fish,15.6,24.91"
313,"Italy,Eggs,13.34,12.25"
314,"Italy,Milk - inc. cheese,246.88000000000002,351.66"
315,"Italy,Wheat and Wheat Products,146.37,27.91"
316,"Italy,Rice,5.74,7.35"
317,"Italy,Soybeans,0.01,0"
318,"Italy,Nuts inc. Peanut Butter,7.63,13.51"
319,"Bahamas,Pork,32.74,115.88"
320,"Bahamas,Poultry,45.74,49.13"
321,"Bahamas,Beef,19.919999999999998,614.69"
322,"Bahamas,Lamb & Goat,5.22,182.8"
323,"Bahamas,Fish,18.8,30.02"
324,"Bahamas,Eggs,6.2,5.7"
325,"Bahamas,Milk - inc. cheese,104.76,149.22"
326,"Bahamas,Wheat and Wheat Products,39.98,7.619999999999999"
327,"Bahamas,Rice,23.97,30.67"
328,"Bahamas,Soybeans,0.09,0.04"
329,"Bahamas,Nuts inc. Peanut Butter,4.03,7.13"
330,"Portugal,Pork,37.91,134.18"
331,"Portugal,Poultry,30.14,32.379999999999995"
332,"Portugal,Beef,16.45,507.61"
333,"Portugal,Lamb & Goat,2.38,83.35"
334,"Portugal,Fish,45.39,72.47"
335,"Portugal,Eggs,9.05,8.31"
336,"Portugal,Milk - inc. cheese,205.04,292.06"
337,"Portugal,Wheat and Wheat Products,94.3,17.979999999999997"
338,"Portugal,Rice,14.860000000000001,19.02"
339,"Portugal,Soybeans,0.01,0"
340,"Portugal,Nuts inc. Peanut Butter,3.9099999999999997,6.92"
341,"Malta,Pork,34.24,121.19"
342,"Malta,Poultry,26.4,28.36"
343,"Malta,Beef,19.22,593.09"
344,"Malta,Lamb & Goat,1.1900000000000002,41.67"
345,"Malta,Fish,24.58,39.25"
346,"Malta,Eggs,11.639999999999999,10.69"
347,"Malta,Milk - inc. cheese,190.06,270.71999999999997"
348,"Malta,Wheat and Wheat Products,139.58,26.62"
349,"Malta,Rice,4.96,6.35"
350,"Malta,Soybeans,0.05,0.02"
351,"Malta,Nuts inc. Peanut Butter,5.619999999999999,9.950000000000001"
352,"Armenia,Pork,9.67,34.230000000000004"
353,"Armenia,Poultry,13.350000000000001,14.34"
354,"Armenia,Beef,19.66,606.6700000000001"
355,"Armenia,Lamb & Goat,3.02,105.76"
356,"Armenia,Fish,4.359999999999999,6.96"
357,"Armenia,Eggs,11.69,10.739999999999998"
358,"Armenia,Milk - inc. cheese,209.03,297.74"
359,"Armenia,Wheat and Wheat Products,130.6,24.91"
360,"Armenia,Rice,3.18,4.07"
361,"Armenia,Soybeans,0,0"
362,"Armenia,Nuts inc. Peanut Butter,2.55,4.51"
363,"Slovenia,Pork,28.19,99.78"
364,"Slovenia,Poultry,23.459999999999997,25.2"
365,"Slovenia,Beef,18.43,568.71"
366,"Slovenia,Lamb & Goat,0.7899999999999999,27.67"
367,"Slovenia,Fish,7.76,12.39"
368,"Slovenia,Eggs,9.360000000000001,8.6"
369,"Slovenia,Milk - inc. cheese,235.01,334.75"
370,"Slovenia,Wheat and Wheat Products,103.43,19.72"
371,"Slovenia,Rice,3.9499999999999997,5.05"
372,"Slovenia,Soybeans,0.75,0.33999999999999997"
373,"Slovenia,Nuts inc. Peanut Butter,5.28,9.350000000000001"
374,"Chile,Pork,24.68,87.35"
375,"Chile,Poultry,36.52,39.230000000000004"
376,"Chile,Beef,23.86,736.2700000000001"
377,"Chile,Lamb & Goat,0.42000000000000004,14.709999999999999"
378,"Chile,Fish,7.6499999999999995,12.209999999999999"
379,"Chile,Eggs,9.97,9.16"
380,"Chile,Milk - inc. cheese,116.11,165.39000000000001"
381,"Chile,Wheat and Wheat Products,104.74000000000001,19.97"
382,"Chile,Rice,8.850000000000001,11.33"
383,"Chile,Soybeans,0.04,0.02"
384,"Chile,Nuts inc. Peanut Butter,2.22,3.9299999999999997"
385,"Venezuela,Pork,7.23,25.59"
386,"Venezuela,Poultry,39.28,42.190000000000005"
387,"Venezuela,Beef,25.89,798.91"
388,"Venezuela,Lamb & Goat,0.32,11.209999999999999"
389,"Venezuela,Fish,8.34,13.32"
390,"Venezuela,Eggs,5.63,5.17"
391,"Venezuela,Milk - inc. cheese,117.79,167.78"
392,"Venezuela,Wheat and Wheat Products,49.17,9.38"
393,"Venezuela,Rice,23.39,29.93"
394,"Venezuela,Soybeans,0,0"
395,"Venezuela,Nuts inc. Peanut Butter,0.35,0.62"
396,"Belgium,Pork,38.65,136.8"
397,"Belgium,Poultry,12.2,13.11"
398,"Belgium,Beef,15.629999999999999,482.31"
399,"Belgium,Lamb & Goat,1.32,46.230000000000004"
400,"Belgium,Fish,18.97,30.29"
401,"Belgium,Eggs,12.59,11.57"
402,"Belgium,Milk - inc. cheese,236.19,336.42999999999995"
403,"Belgium,Wheat and Wheat Products,111.91000000000001,21.34"
404,"Belgium,Rice,8.61,11.02"
405,"Belgium,Soybeans,0.07,0.03"
406,"Belgium,Nuts inc. Peanut Butter,7.319999999999999,12.96"
407,"Germany,Pork,51.809999999999995,183.38000000000002"
408,"Germany,Poultry,17.75,19.07"
409,"Germany,Beef,13.16,406.09"
410,"Germany,Lamb & Goat,0.73,25.56"
411,"Germany,Fish,11.16,17.82"
412,"Germany,Eggs,12.2,11.209999999999999"
413,"Germany,Milk - inc. cheese,258.7,368.48999999999995"
414,"Germany,Wheat and Wheat Products,83.41000000000001,15.91"
415,"Germany,Rice,3.34,4.2700000000000005"
416,"Germany,Soybeans,0.88,0.4"
417,"Germany,Nuts inc. Peanut Butter,7.96,14.09"
418,"Russia,Pork,25.66,90.82"
419,"Russia,Poultry,27.5,29.54"
420,"Russia,Beef,16.979999999999997,523.97"
421,"Russia,Lamb & Goat,1.4,49.03"
422,"Russia,Fish,20.82,33.24"
423,"Russia,Eggs,15.43,14.17"
424,"Russia,Milk - inc. cheese,163.57,232.99"
425,"Russia,Wheat and Wheat Products,130.99,24.979999999999997"
426,"Russia,Rice,4.71,6.03"
427,"Russia,Soybeans,0.05,0.02"
428,"Russia,Nuts inc. Peanut Butter,1.62,2.8699999999999997"
429,"Croatia,Pork,42.790000000000006,151.46"
430,"Croatia,Poultry,8.52,9.15"
431,"Croatia,Beef,12.41,382.95"
432,"Croatia,Lamb & Goat,1.71,59.879999999999995"
433,"Croatia,Fish,15.83,25.279999999999998"
434,"Croatia,Eggs,8.48,7.79"
435,"Croatia,Milk - inc. cheese,231.02,329.06"
436,"Croatia,Wheat and Wheat Products,106.59,20.330000000000002"
437,"Croatia,Rice,2.64,3.38"
438,"Croatia,Soybeans,0,0"
439,"Croatia,Nuts inc. Peanut Butter,3.88,6.87"
440,"Belarus,Pork,40.37,142.89000000000001"
441,"Belarus,Poultry,31.29,33.61"
442,"Belarus,Beef,17.110000000000003,527.98"
443,"Belarus,Lamb & Goat,0.11,3.8499999999999996"
444,"Belarus,Fish,15.75,25.150000000000002"
445,"Belarus,Eggs,15.860000000000001,14.57"
446,"Belarus,Milk - inc. cheese,133.73,190.49"
447,"Belarus,Wheat and Wheat Products,60.48,11.53"
448,"Belarus,Rice,3.17,4.06"
449,"Belarus,Soybeans,0.3,0.14"
450,"Belarus,Nuts inc. Peanut Butter,3.36,5.95"
451,"Spain,Pork,48.92,173.15"
452,"Spain,Poultry,28.630000000000003,30.75"
453,"Spain,Beef,12.15,374.91999999999996"
454,"Spain,Lamb & Goat,2.16,75.64"
455,"Spain,Fish,28.830000000000002,46.03"
456,"Spain,Eggs,13.32,12.239999999999998"
457,"Spain,Milk - inc. cheese,164.29,234.01"
458,"Spain,Wheat and Wheat Products,93.88,17.9"
459,"Spain,Rice,8.32,10.65"
460,"Spain,Soybeans,0.02,0.01"
461,"Spain,Nuts inc. Peanut Butter,7.44,13.17"
462,"Paraguay,Pork,26.24,92.88"
463,"Paraguay,Poultry,6.39,6.859999999999999"
464,"Paraguay,Beef,19.810000000000002,611.2900000000001"
465,"Paraguay,Lamb & Goat,0.56,19.610000000000003"
466,"Paraguay,Fish,3.6,5.75"
467,"Paraguay,Eggs,18.830000000000002,17.3"
468,"Paraguay,Milk - inc. cheese,75.72,107.86"
469,"Paraguay,Wheat and Wheat Products,31.51,6.01"
470,"Paraguay,Rice,4.91,6.28"
471,"Paraguay,Soybeans,0,0"
472,"Paraguay,Nuts inc. Peanut Butter,1.6,2.8299999999999996"
473,"New Caledonia,Pork,19.9,70.44000000000001"
474,"New Caledonia,Poultry,44.36,47.65"
475,"New Caledonia,Beef,16.07,495.89"
476,"New Caledonia,Lamb & Goat,1.95,68.29"
477,"New Caledonia,Fish,19.38,30.939999999999998"
478,"New Caledonia,Eggs,8.850000000000001,8.129999999999999"
479,"New Caledonia,Milk - inc. cheese,108,153.84"
480,"New Caledonia,Wheat and Wheat Products,81.75,15.59"
481,"New Caledonia,Rice,17.47,22.36"
482,"New Caledonia,Soybeans,0.55,0.25"
483,"New Caledonia,Nuts inc. Peanut Butter,2.96,5.24"
484,"South Africa,Pork,4.159999999999999,14.719999999999999"
485,"South Africa,Poultry,37.57,40.36"
486,"South Africa,Beef,18.03,556.37"
487,"South Africa,Lamb & Goat,4.28,149.89000000000001"
488,"South Africa,Fish,5.56,8.88"
489,"South Africa,Eggs,7.21,6.619999999999999"
490,"South Africa,Milk - inc. cheese,55.75,79.41000000000001"
491,"South Africa,Wheat and Wheat Products,60.13,11.47"
492,"South Africa,Rice,17.41,22.279999999999998"
493,"South Africa,Soybeans,1.27,0.5700000000000001"
494,"South Africa,Nuts inc. Peanut Butter,1.04,1.84"
495,"Barbados,Pork,8.3,29.38"
496,"Barbados,Poultry,42.620000000000005,45.78"
497,"Barbados,Beef,13.129999999999999,405.16"
498,"Barbados,Lamb & Goat,4.08,142.88000000000002"
499,"Barbados,Fish,37.41,59.730000000000004"
500,"Barbados,Eggs,9.61,8.83"
501,"Barbados,Milk - inc. cheese,110.48,157.37"
502,"Barbados,Wheat and Wheat Products,65.71000000000001,12.53"
503,"Barbados,Rice,15.66,20.04"
504,"Barbados,Soybeans,0.1,0.05"
505,"Barbados,Nuts inc. Peanut Butter,4.159999999999999,7.359999999999999"
506,"Lithuania,Pork,45.67,161.65"
507,"Lithuania,Poultry,26.84,28.830000000000002"
508,"Lithuania,Beef,4.49,138.55"
509,"Lithuania,Lamb & Goat,0.24000000000000002,8.4"
510,"Lithuania,Fish,42.39,67.67999999999999"
511,"Lithuania,Eggs,13.11,12.04"
512,"Lithuania,Milk - inc. cheese,295.46,420.85"
513,"Lithuania,Wheat and Wheat Products,121.59,23.19"
514,"Lithuania,Rice,3.07,3.9299999999999997"
515,"Lithuania,Soybeans,0.02,0.01"
516,"Lithuania,Nuts inc. Peanut Butter,2.13,3.77"
517,"Turkey,Pork,0.01,0.04"
518,"Turkey,Poultry,18.779999999999998,20.17"
519,"Turkey,Beef,11.639999999999999,359.19"
520,"Turkey,Lamb & Goat,4.68,163.89000000000001"
521,"Turkey,Fish,5.58,8.91"
522,"Turkey,Eggs,8.2,7.53"
523,"Turkey,Milk - inc. cheese,193.94,276.25"
524,"Turkey,Wheat and Wheat Products,169.96,32.41"
525,"Turkey,Rice,10.739999999999998,13.739999999999998"
526,"Turkey,Soybeans,1.71,0.77"
527,"Turkey,Nuts inc. Peanut Butter,7.970000000000001,14.11"
528,"Estonia,Pork,29.68,105.05"
529,"Estonia,Poultry,21.110000000000003,22.68"
530,"Estonia,Beef,7.1899999999999995,221.87"
531,"Estonia,Lamb & Goat,0.44,15.41"
532,"Estonia,Fish,12.78,20.41"
533,"Estonia,Eggs,12.66,11.629999999999999"
534,"Estonia,Milk - inc. cheese,284.85,405.74"
535,"Estonia,Wheat and Wheat Products,89.36,17.04"
536,"Estonia,Rice,2.56,3.2800000000000002"
537,"Estonia,Soybeans,0.04,0.02"
538,"Estonia,Nuts inc. Peanut Butter,4.29,7.59"
539,"Mexico,Pork,15.229999999999999,53.91"
540,"Mexico,Poultry,30.12,32.349999999999994"
541,"Mexico,Beef,15.33,473.05"
542,"Mexico,Lamb & Goat,0.89,31.17"
543,"Mexico,Fish,7.56,12.07"
544,"Mexico,Eggs,18.34,16.85"
545,"Mexico,Milk - inc. cheese,111.86999999999999,159.35000000000002"
546,"Mexico,Wheat and Wheat Products,35.21,6.71"
547,"Mexico,Rice,5.64,7.22"
548,"Mexico,Soybeans,0.02,0.01"
549,"Mexico,Nuts inc. Peanut Butter,2.51,4.44"
550,"Costa Rica,Pork,10.28,36.39"
551,"Costa Rica,Poultry,24.47,26.29"
552,"Costa Rica,Beef,15.229999999999999,469.96999999999997"
553,"Costa Rica,Lamb & Goat,0.02,0.7"
554,"Costa Rica,Fish,11.32,18.07"
555,"Costa Rica,Eggs,10.55,9.69"
556,"Costa Rica,Milk - inc. cheese,183.28,261.06"
557,"Costa Rica,Wheat and Wheat Products,39.309999999999995,7.5"
558,"Costa Rica,Rice,45.690000000000005,58.47"
559,"Costa Rica,Soybeans,1.54,0.69"
560,"Costa Rica,Nuts inc. Peanut Butter,1.3800000000000001,2.44"
561,"Bolivia,Pork,8.89,31.47"
562,"Bolivia,Poultry,34.309999999999995,36.86"
563,"Bolivia,Beef,19.779999999999998,610.37"
564,"Bolivia,Lamb & Goat,1.72,60.230000000000004"
565,"Bolivia,Fish,2.18,3.48"
566,"Bolivia,Eggs,5.18,4.76"
567,"Bolivia,Milk - inc. cheese,46.04,65.58"
568,"Bolivia,Wheat and Wheat Products,49.99,9.53"
569,"Bolivia,Rice,26.99,34.54"
570,"Bolivia,Soybeans,0.01,0"
571,"Bolivia,Nuts inc. Peanut Butter,9.16,16.21"
572,"Ecuador,Pork,14.44,51.11"
573,"Ecuador,Poultry,21.85,23.47"
574,"Ecuador,Beef,16.610000000000003,512.55"
575,"Ecuador,Lamb & Goat,0.44,15.41"
576,"Ecuador,Fish,5.17,8.25"
577,"Ecuador,Eggs,8.01,7.359999999999999"
578,"Ecuador,Milk - inc. cheese,139.6,198.85000000000002"
579,"Ecuador,Wheat and Wheat Products,39.190000000000005,7.470000000000001"
580,"Ecuador,Rice,45.07,57.68"
581,"Ecuador,Soybeans,0,0"
582,"Ecuador,Nuts inc. Peanut Butter,0.98,1.73"
583,"Panama,Pork,13.48,47.71"
584,"Panama,Poultry,30.810000000000002,33.1"
585,"Panama,Beef,20.4,629.5"
586,"Panama,Lamb & Goat,0.01,0.35"
587,"Panama,Fish,11.05,17.64"
588,"Panama,Eggs,4.53,4.159999999999999"
589,"Panama,Milk - inc. cheese,70.29,100.11999999999999"
590,"Panama,Wheat and Wheat Products,38.96,7.430000000000001"
591,"Panama,Rice,66.42,85"
592,"Panama,Soybeans,3.53,1.59"
593,"Panama,Nuts inc. Peanut Butter,1.05,1.86"
594,"Czech Republic,Pork,41.17,145.72"
595,"Czech Republic,Poultry,19.09,20.51"
596,"Czech Republic,Beef,8.15,251.49"
597,"Czech Republic,Lamb & Goat,0.33999999999999997,11.91"
598,"Czech Republic,Fish,8.25,13.17"
599,"Czech Republic,Eggs,11.66,10.709999999999999"
600,"Czech Republic,Milk - inc. cheese,195.2,278.04"
601,"Czech Republic,Wheat and Wheat Products,92.66999999999999,17.67"
602,"Czech Republic,Rice,4.79,6.13"
603,"Czech Republic,Soybeans,0.8200000000000001,0.37"
604,"Czech Republic,Nuts inc. Peanut Butter,2.4699999999999998,4.37"
605,"Romania,Pork,25.310000000000002,89.58"
606,"Romania,Poultry,15.38,16.52"
607,"Romania,Beef,4.78,147.5"
608,"Romania,Lamb & Goat,3.4099999999999997,119.42"
609,"Romania,Fish,6.07,9.69"
610,"Romania,Eggs,12.94,11.89"
611,"Romania,Milk - inc. cheese,238.33,339.47999999999996"
612,"Romania,Wheat and Wheat Products,134.87,25.72"
613,"Romania,Rice,2.59,3.3099999999999996"
614,"Romania,Soybeans,0.01,0"
615,"Romania,Nuts inc. Peanut Butter,1.8,3.19"
616,"Colombia,Pork,6.51,23.04"
617,"Colombia,Poultry,27.57,29.62"
618,"Colombia,Beef,16.36,504.84000000000003"
619,"Colombia,Lamb & Goat,0.21000000000000002,7.35"
620,"Colombia,Fish,6.01,9.6"
621,"Colombia,Eggs,10.78,9.9"
622,"Colombia,Milk - inc. cheese,108.47,154.5"
623,"Colombia,Wheat and Wheat Products,29.79,5.68"
624,"Colombia,Rice,28.02,35.86"
625,"Colombia,Soybeans,0.89,0.4"
626,"Colombia,Nuts inc. Peanut Butter,0.42000000000000004,0.74"
627,"Maldives,Pork,1.22,4.319999999999999"
628,"Maldives,Poultry,18.47,19.84"
629,"Maldives,Beef,9.44,291.3"
630,"Maldives,Lamb & Goat,0.7,24.51"
631,"Maldives,Fish,179.70999999999998,286.94"
632,"Maldives,Eggs,10.79,9.91"
633,"Maldives,Milk - inc. cheese,111.47,158.78"
634,"Maldives,Wheat and Wheat Products,77.77,14.83"
635,"Maldives,Rice,50.730000000000004,64.92"
636,"Maldives,Soybeans,0.2,0.09"
637,"Maldives,Nuts inc. Peanut Butter,15.83,28.02"
638,"Cyprus,Pork,38.379999999999995,135.85000000000002"
639,"Cyprus,Poultry,24.45,26.259999999999998"
640,"Cyprus,Beef,5.79,178.67"
641,"Cyprus,Lamb & Goat,5.05,176.85000000000002"
642,"Cyprus,Fish,14.860000000000001,23.73"
643,"Cyprus,Eggs,8.98,8.25"
644,"Cyprus,Milk - inc. cheese,113.31,161.4"
645,"Cyprus,Wheat and Wheat Products,83.25,15.88"
646,"Cyprus,Rice,4.94,6.319999999999999"
647,"Cyprus,Soybeans,0.04,0.02"
648,"Cyprus,Nuts inc. Peanut Butter,4.6,8.139999999999999"
649,"Serbia,Pork,32.04,113.41000000000001"
650,"Serbia,Poultry,10.639999999999999,11.43"
651,"Serbia,Beef,7.05,217.55"
652,"Serbia,Lamb & Goat,3.56,124.66999999999999"
653,"Serbia,Fish,5.59,8.93"
654,"Serbia,Eggs,8.89,8.17"
655,"Serbia,Milk - inc. cheese,148.53,211.57"
656,"Serbia,Wheat and Wheat Products,105.88,20.19"
657,"Serbia,Rice,1.22,1.56"
658,"Serbia,Soybeans,0,0"
659,"Serbia,Nuts inc. Peanut Butter,3.3099999999999996,5.859999999999999"
660,"United Arab Emirates,Pork,0,0"
661,"United Arab Emirates,Poultry,41.04,44.09"
662,"United Arab Emirates,Beef,5.64,174.04"
663,"United Arab Emirates,Lamb & Goat,9.08,317.97999999999996"
664,"United Arab Emirates,Fish,20.41,32.59"
665,"United Arab Emirates,Eggs,8.229999999999999,7.56"
666,"United Arab Emirates,Milk - inc. cheese,132.66,188.96"
667,"United Arab Emirates,Wheat and Wheat Products,101.29,19.32"
668,"United Arab Emirates,Rice,56.25,71.98"
669,"United Arab Emirates,Soybeans,0.08,0.04"
670,"United Arab Emirates,Nuts inc. Peanut Butter,23.03,40.760000000000005"
671,"Algeria,Pork,0,0"
672,"Algeria,Poultry,7.42,7.970000000000001"
673,"Algeria,Beef,5.6,172.8"
674,"Algeria,Lamb & Goat,7.6899999999999995,269.3"
675,"Algeria,Fish,3.74,5.970000000000001"
676,"Algeria,Eggs,8.06,7.4"
677,"Algeria,Milk - inc. cheese,141.53,201.6"
678,"Algeria,Wheat and Wheat Products,185.42000000000002,35.36"
679,"Algeria,Rice,2.9699999999999998,3.8"
680,"Algeria,Soybeans,0,0"
681,"Algeria,Nuts inc. Peanut Butter,2.08,3.68"
682,"Ukraine,Pork,20.56,72.77"
683,"Ukraine,Poultry,24.23,26.03"
684,"Ukraine,Beef,8.96,276.48999999999995"
685,"Ukraine,Lamb & Goat,0.41000000000000003,14.360000000000001"
686,"Ukraine,Fish,15.229999999999999,24.32"
687,"Ukraine,Eggs,18.01,16.54"
688,"Ukraine,Milk - inc. cheese,145.03,206.58"
689,"Ukraine,Wheat and Wheat Products,105.14999999999999,20.05"
690,"Ukraine,Rice,3,3.84"
691,"Ukraine,Soybeans,0.02,0.01"
692,"Ukraine,Nuts inc. Peanut Butter,2.68,4.74"
693,"Pakistan,Pork,0,0"
694,"Pakistan,Poultry,5.01,5.38"
695,"Pakistan,Beef,8.82,272.17"
696,"Pakistan,Lamb & Goat,2.46,86.14999999999999"
697,"Pakistan,Fish,1.87,2.9899999999999998"
698,"Pakistan,Eggs,2.9499999999999997,2.71"
699,"Pakistan,Milk - inc. cheese,183.13,260.85"
700,"Pakistan,Wheat and Wheat Products,113.63,21.67"
701,"Pakistan,Rice,12.25,15.68"
702,"Pakistan,Soybeans,0,0"
703,"Pakistan,Nuts inc. Peanut Butter,0.8300000000000001,1.47"
704,"Swaziland,Pork,2.4299999999999997,8.6"
705,"Swaziland,Poultry,6.18,6.64"
706,"Swaziland,Beef,15.1,465.95"
707,"Swaziland,Lamb & Goat,1.94,67.94000000000001"
708,"Swaziland,Fish,1.26,2.01"
709,"Swaziland,Eggs,1.5,1.3800000000000001"
710,"Swaziland,Milk - inc. cheese,56.6,80.61999999999999"
711,"Swaziland,Wheat and Wheat Products,37.15,7.08"
712,"Swaziland,Rice,21.150000000000002,27.07"
713,"Swaziland,Soybeans,0.55,0.25"
714,"Swaziland,Nuts inc. Peanut Butter,6.44,11.4"
715,"Latvia,Pork,34.96,123.74000000000001"
716,"Latvia,Poultry,20.53,22.05"
717,"Latvia,Beef,5.109999999999999,157.68"
718,"Latvia,Lamb & Goat,0.33999999999999997,11.91"
719,"Latvia,Fish,21.3,34.01"
720,"Latvia,Eggs,14.03,12.89"
721,"Latvia,Milk - inc. cheese,174.10999999999999,248"
722,"Latvia,Wheat and Wheat Products,72.13,13.76"
723,"Latvia,Rice,2.21,2.8299999999999996"
724,"Latvia,Soybeans,0.04,0.02"
725,"Latvia,Nuts inc. Peanut Butter,3.7800000000000002,6.6899999999999995"
726,"Bosnia and Herzegovina,Pork,9.38,33.2"
727,"Bosnia and Herzegovina,Poultry,13.17,14.15"
728,"Bosnia and Herzegovina,Beef,9.12,281.41999999999996"
729,"Bosnia and Herzegovina,Lamb & Goat,0.47000000000000003,16.459999999999"
730,"Bosnia and Herzegovina,Fish,4.06,6.48"
731,"Bosnia and Herzegovina,Eggs,4.49,4.119999999999999"
732,"Bosnia and Herzegovina,Milk - inc. cheese,174.03,247.89000000000001"
733,"Bosnia and Herzegovina,Wheat and Wheat Products,93.56,17.84"
734,"Bosnia and Herzegovina,Rice,1.8800000000000001,2.4099999999999997"
735,"Bosnia and Herzegovina,Soybeans,1.48,0.6699999999999999"
736,"Bosnia and Herzegovina,Nuts inc. Peanut Butter,2,3.54"
737,"Fiji,Pork,4.31,15.26"
738,"Fiji,Poultry,20.259999999999998,21.759999999999998"
739,"Fiji,Beef,8.96,276.48999999999995"
740,"Fiji,Lamb & Goat,5.9,206.62"
741,"Fiji,Fish,35.01,55.9"
742,"Fiji,Eggs,6.44,5.92"
743,"Fiji,Milk - inc. cheese,40.2,57.260000000000005"
744,"Fiji,Wheat and Wheat Products,84.22,16.06"
745,"Fiji,Rice,45.620000000000005,58.379999999999995"
746,"Fiji,Soybeans,0.3,0.14"
747,"Fiji,Nuts inc. Peanut Butter,1.3,2.3"
748,"South Korea,Pork,32.760000000000005,115.95"
749,"South Korea,Poultry,16,17.19"
750,"South Korea,Beef,14.53,448.37"
751,"South Korea,Lamb & Goat,0.14,4.9"
752,"South Korea,Fish,33.09,52.83"
753,"South Korea,Eggs,11.239999999999998,10.33"
754,"South Korea,Milk - inc. cheese,29.05,41.379999999999995"
755,"South Korea,Wheat and Wheat Products,50.839999999999996,9.7"
756,"South Korea,Rice,85.17999999999999,109"
757,"South Korea,Soybeans,8.350000000000001,3.7600000000000002"
758,"South Korea,Nuts inc. Peanut Butter,4.88,8.639999999999999"
759,"Poland,Pork,46.190000000000005,163.49"
760,"Poland,Poultry,27.41,29.439999999999998"
761,"Poland,Beef,2.32,71.59"
762,"Poland,Lamb & Goat,0.02,0.7"
763,"Poland,Fish,10.49,16.75"
764,"Poland,Eggs,7.53,6.92"
765,"Poland,Milk - inc. cheese,205.39000000000001,292.56"
766,"Poland,Wheat and Wheat Products,108.83,20.75"
767,"Poland,Rice,0.9500000000000001,1.22"
768,"Poland,Soybeans,0.06,0.03"
769,"Poland,Nuts inc. Peanut Butter,2.23,3.9499999999999997"
770,"Saudi Arabia,Pork,0,0"
771,"Saudi Arabia,Poultry,49.05,52.690000000000005"
772,"Saudi Arabia,Beef,6.45,199.03"
773,"Saudi Arabia,Lamb & Goat,6.54,229.03"
774,"Saudi Arabia,Fish,11.99,19.14"
775,"Saudi Arabia,Eggs,5.37,4.930000000000001"
776,"Saudi Arabia,Milk - inc. cheese,83.64999999999999,119.14999999999999"
777,"Saudi Arabia,Wheat and Wheat Products,89.47,17.06"
778,"Saudi Arabia,Rice,36.02,46.09"
779,"Saudi Arabia,Soybeans,0.05,0.02"
780,"Saudi Arabia,Nuts inc. Peanut Butter,3.23,5.72"
781,"Botswana,Pork,0.74,2.62"
782,"Botswana,Poultry,5.33,5.73"
783,"Botswana,Beef,7.85,242.23"
784,"Botswana,Lamb & Goat,3.7600000000000002,131.67"
785,"Botswana,Fish,3.98,6.35"
786,"Botswana,Eggs,1.95,1.79"
787,"Botswana,Milk - inc. cheese,117.74000000000001,167.70999999999998"
788,"Botswana,Wheat and Wheat Products,38.2,7.28"
789,"Botswana,Rice,7.06,9.03"
790,"Botswana,Soybeans,1.1600000000000001,0.52"
791,"Botswana,Nuts inc. Peanut Butter,1.08,1.91"
792,"Macedonia,Pork,10.350000000000001,36.63"
793,"Macedonia,Poultry,18.77,20.16"
794,"Macedonia,Beef,7.6899999999999995,237.3"
795,"Macedonia,Lamb & Goat,0.9400000000000001,32.92"
796,"Macedonia,Fish,5.470000000000001,8.729999999999999"
797,"Macedonia,Eggs,6.38,5.859999999999999"
798,"Macedonia,Milk - inc. cheese,157.93,224.96"
799,"Macedonia,Wheat and Wheat Products,104.8,19.99"
800,"Macedonia,Rice,2.8099999999999996,3.6"
801,"Macedonia,Soybeans,0.46,0.21000000000000002"
802,"Macedonia,Nuts inc. Peanut Butter,5.87,10.39"
803,"Hungary,Pork,34.93,123.63"
804,"Hungary,Poultry,23.779999999999998,25.54"
805,"Hungary,Beef,4.96,153.06"
806,"Hungary,Lamb & Goat,0.11,3.8499999999999996"
807,"Hungary,Fish,4.930000000000001,7.87"
808,"Hungary,Eggs,12.450000000000001,11.44"
809,"Hungary,Milk - inc. cheese,159.05,226.55"
810,"Hungary,Wheat and Wheat Products,109.98,20.97"
811,"Hungary,Rice,2.15,2.75"
812,"Hungary,Soybeans,0.01,0"
813,"Hungary,Nuts inc. Peanut Butter,0.64,1.1300000000000001"
814,"Trinidad and Tobago,Pork,8.92,31.57"
815,"Trinidad and Tobago,Poultry,58.27,62.59"
816,"Trinidad and Tobago,Beef,6.13,189.16"
817,"Trinidad and Tobago,Lamb & Goat,2.79,97.71000000000001"
818,"Trinidad and Tobago,Fish,20.54,32.8"
819,"Trinidad and Tobago,Eggs,4.2,3.86"
820,"Trinidad and Tobago,Milk - inc. cheese,103.8,147.85000000000002"
821,"Trinidad and Tobago,Wheat and Wheat Products,90.16999999999999,17.2"
822,"Trinidad and Tobago,Rice,16.38,20.959999999999997"
823,"Trinidad and Tobago,Soybeans,0.04,0.02"
824,"Trinidad and Tobago,Nuts inc. Peanut Butter,3.7800000000000002,6.68999"
825,"Tunisia,Pork,0,0"
826,"Tunisia,Poultry,18.5,19.87"
827,"Tunisia,Beef,5.53,170.64"
828,"Tunisia,Lamb & Goat,5.34,187.01"
829,"Tunisia,Fish,12.629999999999999,20.17"
830,"Tunisia,Eggs,7.67,7.05"
831,"Tunisia,Milk - inc. cheese,114.47,163.05"
832,"Tunisia,Wheat and Wheat Products,197.5,37.660000000000004"
833,"Tunisia,Rice,1.07,1.37"
834,"Tunisia,Soybeans,1.8800000000000001,0.8500000000000001"
835,"Tunisia,Nuts inc. Peanut Butter,6.34,11.219999999999999"
836,"Egypt,Pork,0.02,0.07"
837,"Egypt,Poultry,14.43,15.5"
838,"Egypt,Beef,12.88,397.45"
839,"Egypt,Lamb & Goat,1.58,55.33"
840,"Egypt,Fish,21.459999999999997,34.260000000000005"
841,"Egypt,Eggs,4.59,4.22"
842,"Egypt,Milk - inc. cheese,59.46,84.69"
843,"Egypt,Wheat and Wheat Products,146.83,28"
844,"Egypt,Rice,39.77,50.89"
845,"Egypt,Soybeans,0.64,0.29000000000000004"
846,"Egypt,Nuts inc. Peanut Butter,1.82,3.22"
847,"Mauritius,Pork,4.08,14.44"
848,"Mauritius,Poultry,38.51,41.37"
849,"Mauritius,Beef,5.99,184.84"
850,"Mauritius,Lamb & Goat,4.08,142.88000000000002"
851,"Mauritius,Fish,19.66,31.39"
852,"Mauritius,Eggs,6.319999999999999,5.81"
853,"Mauritius,Milk - inc. cheese,117.27,167.04"
854,"Mauritius,Wheat and Wheat Products,114.02,21.74"
855,"Mauritius,Rice,45.56,58.3"
856,"Mauritius,Soybeans,0.3,0.14"
857,"Mauritius,Nuts inc. Peanut Butter,2.3299999999999996,4.119999999999999"
858,"Bulgaria,Pork,26.259999999999998,92.95"
859,"Bulgaria,Poultry,20.68,22.21"
860,"Bulgaria,Beef,3.84,118.49000000000001"
861,"Bulgaria,Lamb & Goat,1.6300000000000001,57.08"
862,"Bulgaria,Fish,6.24,9.96"
863,"Bulgaria,Eggs,8.360000000000001,7.68"
864,"Bulgaria,Milk - inc. cheese,155.70999999999998,221.79"
865,"Bulgaria,Wheat and Wheat Products,121.16999999999999,23.11000000000000"
866,"Bulgaria,Rice,2.24,2.8699999999999997"
867,"Bulgaria,Soybeans,0.04,0.02"
868,"Bulgaria,Nuts inc. Peanut Butter,2.2600000000000002,4"
869,"Morocco,Pork,0.01,0.04"
870,"Morocco,Poultry,20.77,22.310000000000002"
871,"Morocco,Beef,8.04,248.1"
872,"Morocco,Lamb & Goat,4.359999999999999,152.69"
873,"Morocco,Fish,17.439999999999998,27.85"
874,"Morocco,Eggs,6.68,6.14"
875,"Morocco,Milk - inc. cheese,54.68,77.89"
876,"Morocco,Wheat and Wheat Products,179.7,34.27"
877,"Morocco,Rice,1.1,1.41"
878,"Morocco,Soybeans,0,0"
879,"Morocco,Nuts inc. Peanut Butter,3.23,5.72"
880,"Slovakia,Pork,31.779999999999998,112.49000000000001"
881,"Slovakia,Poultry,15.129999999999999,16.25"
882,"Slovakia,Beef,5.1899999999999995,160.15"
883,"Slovakia,Lamb & Goat,0.16,5.6"
884,"Slovakia,Fish,8.39,13.4"
885,"Slovakia,Eggs,16.05,14.739999999999998"
886,"Slovakia,Milk - inc. cheese,143.14,203.89000000000001"
887,"Slovakia,Wheat and Wheat Products,123.61999999999999,23.57"
888,"Slovakia,Rice,2.88,3.69"
889,"Slovakia,Soybeans,0.02,0.01"
890,"Slovakia,Nuts inc. Peanut Butter,3.7,6.55"
891,"Niger,Pork,0.09,0.32"
892,"Niger,Poultry,1.08,1.1600000000000001"
893,"Niger,Beef,8.97,276.8"
894,"Niger,Lamb & Goat,4.17,146.03"
895,"Niger,Fish,2.7,4.31"
896,"Niger,Eggs,0.3,0.28"
897,"Niger,Milk - inc. cheese,58.92,83.93"
898,"Niger,Wheat and Wheat Products,4.79,0.91"
899,"Niger,Rice,13.17,16.85"
900,"Niger,Soybeans,0,0"
901,"Niger,Nuts inc. Peanut Butter,6.95,12.3"
902,"Kenya,Pork,0.29000000000000004,1.03"
903,"Kenya,Poultry,0.47000000000000003,0.5"
904,"Kenya,Beef,9.54,294.38"
905,"Kenya,Lamb & Goat,1.86,65.14"
906,"Kenya,Fish,4.2700000000000005,6.819999999999999"
907,"Kenya,Eggs,1.84,1.6900000000000002"
908,"Kenya,Milk - inc. cheese,94.86,135.12"
909,"Kenya,Wheat and Wheat Products,34.65,6.609999999999999"
910,"Kenya,Rice,12.94,16.56"
911,"Kenya,Soybeans,0.2,0.09"
912,"Kenya,Nuts inc. Peanut Butter,1.6400000000000001,2.9"
913,"Jordan,Pork,0.02,0.07"
914,"Jordan,Poultry,33.39,35.87"
915,"Jordan,Beef,5.609999999999999,173.10999999999999"
916,"Jordan,Lamb & Goat,5.68,198.91"
917,"Jordan,Fish,5.13,8.19"
918,"Jordan,Eggs,3.92,3.6"
919,"Jordan,Milk - inc. cheese,77.67999999999999,110.64999999999999"
920,"Jordan,Wheat and Wheat Products,136.73999999999998,26.08"
921,"Jordan,Rice,19.67,25.17"
922,"Jordan,Soybeans,0.02,0.01"
923,"Jordan,Nuts inc. Peanut Butter,3.56,6.3"
924,"Japan,Pork,20.62,72.98"
925,"Japan,Poultry,19.419999999999998,20.86"
926,"Japan,Beef,9.15,282.35"
927,"Japan,Lamb & Goat,0.14,4.9"
928,"Japan,Fish,31.1,49.660000000000004"
929,"Japan,Eggs,19.150000000000002,17.59"
930,"Japan,Milk - inc. cheese,72.06,102.64"
931,"Japan,Wheat and Wheat Products,45.04,8.59"
932,"Japan,Rice,59.849999999999994,76.59"
933,"Japan,Soybeans,7.34,3.3"
934,"Japan,Nuts inc. Peanut Butter,2.59,4.58"
935,"Georgia,Pork,8.93,31.610000000000003"
936,"Georgia,Poultry,12.28,13.19"
937,"Georgia,Beef,6.04,186.38000000000002"
938,"Georgia,Lamb & Goat,0.63,22.06"
939,"Georgia,Fish,10.42,16.64"
940,"Georgia,Eggs,6.119999999999999,5.619999999999999"
941,"Georgia,Milk - inc. cheese,149.26,212.60999999999999"
942,"Georgia,Wheat and Wheat Products,163.43,31.17"
943,"Georgia,Rice,2.64,3.38"
944,"Georgia,Soybeans,0,0"
945,"Georgia,Nuts inc. Peanut Butter,2.4699999999999998,4.37"
946,"Grenada,Pork,11.52,40.78"
947,"Grenada,Poultry,43.51,46.74"
948,"Grenada,Beef,3.46,106.77"
949,"Grenada,Lamb & Goat,1.25,43.77"
950,"Grenada,Fish,27.95,44.63"
951,"Grenada,Eggs,10.34,9.5"
952,"Grenada,Milk - inc. cheese,86.88,123.75"
953,"Grenada,Wheat and Wheat Products,59.59,11.360000000000001"
954,"Grenada,Rice,9.56,12.229999999999999"
955,"Grenada,Soybeans,0.01,0"
956,"Grenada,Nuts inc. Peanut Butter,0.18,0.32"
957,"El Salvador,Pork,3.23,11.43"
958,"El Salvador,Poultry,19.84,21.310000000000002"
959,"El Salvador,Beef,5.95,183.6"
960,"El Salvador,Lamb & Goat,0.02,0.7"
961,"El Salvador,Fish,6.25,9.98"
962,"El Salvador,Eggs,9.51,8.739999999999998"
963,"El Salvador,Milk - inc. cheese,124.34,177.10999999999999"
964,"El Salvador,Wheat and Wheat Products,28.19,5.38"
965,"El Salvador,Rice,10.53,13.48"
966,"El Salvador,Soybeans,0.8,0.36"
967,"El Salvador,Nuts inc. Peanut Butter,1.1,1.95"
968,"Cuba,Pork,19.82,70.14999999999999"
969,"Cuba,Poultry,20.150000000000002,21.650000000000002"
970,"Cuba,Beef,6.39,197.18"
971,"Cuba,Lamb & Goat,1.24,43.42"
972,"Cuba,Fish,4.76,7.6"
973,"Cuba,Eggs,9.82,9.02"
974,"Cuba,Milk - inc. cheese,99.94000000000001,142.35000000000002"
975,"Cuba,Wheat and Wheat Products,54.620000000000005,10.42"
976,"Cuba,Rice,67.7,86.64"
977,"Cuba,Soybeans,6.34,2.8499999999999996"
978,"Cuba,Nuts inc. Peanut Butter,0.23,0.41000000000000003"
979,"China,Pork,38.43,136.02"
980,"China,Poultry,13.2,14.18"
981,"China,Beef,5.119999999999999,157.99"
982,"China,Lamb & Goat,3.13,109.61"
983,"China,Fish,21.01,33.55"
984,"China,Eggs,18.759999999999998,17.23"
985,"China,Milk - inc. cheese,32.660000000000004,46.52"
986,"China,Wheat and Wheat Products,63.36,12.08"
987,"China,Rice,78.17999999999999,100.05"
988,"China,Soybeans,3.66,1.6500000000000001"
989,"China,Nuts inc. Peanut Butter,6.39,11.31"
990,"Honduras,Pork,6.48,22.939999999999998"
991,"Honduras,Poultry,20.29,21.8"
992,"Honduras,Beef,7.1899999999999995,221.87"
993,"Honduras,Lamb & Goat,0.04,1.4"
994,"Honduras,Fish,2.7,4.31"
995,"Honduras,Eggs,5.1899999999999995,4.7700000000000005"
996,"Honduras,Milk - inc. cheese,91.33,130.09"
997,"Honduras,Wheat and Wheat Products,37.36,7.119999999999999"
998,"Honduras,Rice,14.42,18.45"
999,"Honduras,Soybeans,0.01,0"
1000,"Honduras,Nuts inc. Peanut Butter,0.75,1.33"
1001,"Taiwan. ROC,Pork,39.37,139.35000000000002"
1002,"Taiwan. ROC,Poultry,32.13,34.51"
1003,"Taiwan. ROC,Beef,5.21,160.76999999999998"
1004,"Taiwan. ROC,Lamb & Goat,0.92,32.220000000000006"
1005,"Taiwan. ROC,Fish,18.29,29.2"
1006,"Taiwan. ROC,Eggs,13.08,12.02"
1007,"Taiwan. ROC,Milk - inc. cheese,41.720000000000006,59.43"
1008,"Taiwan. ROC,Wheat and Wheat Products,50.92,9.709999999999999"
1009,"Taiwan. ROC,Rice,45.849999999999994,58.67"
1010,"Taiwan. ROC,Soybeans,16.95,7.63"
1011,"Taiwan. ROC,Nuts inc. Peanut Butter,9.06,16.04"
1012,"Angola,Pork,8.89,31.47"
1013,"Angola,Poultry,17.330000000000002,18.62"
1014,"Angola,Beef,8.42,259.82"
1015,"Angola,Lamb & Goat,1.08,37.82"
1016,"Angola,Fish,15.239999999999998,24.330000000000002"
1017,"Angola,Eggs,1.11,1.02"
1018,"Angola,Milk - inc. cheese,12.3,17.52"
1019,"Angola,Wheat and Wheat Products,40.720000000000006,7.7700000000000005"
1020,"Angola,Rice,8.12,10.39"
1021,"Angola,Soybeans,0.52,0.23"
1022,"Angola,Nuts inc. Peanut Butter,2.2600000000000002,4"
1023,"Jamaica,Pork,3.9899999999999998,14.12"
1024,"Jamaica,Poultry,52.51,56.41"
1025,"Jamaica,Beef,3.9699999999999998,122.51"
1026,"Jamaica,Lamb & Goat,1.26,44.13"
1027,"Jamaica,Fish,21.95,35.05"
1028,"Jamaica,Eggs,2.27,2.09"
1029,"Jamaica,Milk - inc. cheese,91.13,129.81"
1030,"Jamaica,Wheat and Wheat Products,70.66999999999999,13.48"
1031,"Jamaica,Rice,23.45,30.01"
1032,"Jamaica,Soybeans,0,0"
1033,"Jamaica,Nuts inc. Peanut Butter,1.82,3.22"
1034,"Namibia,Pork,4.21,14.9"
1035,"Namibia,Poultry,12.19,13.09"
1036,"Namibia,Beef,3.75,115.72"
1037,"Namibia,Lamb & Goat,2.27,79.5"
1038,"Namibia,Fish,10.7,17.08"
1039,"Namibia,Eggs,1.6300000000000001,1.5"
1040,"Namibia,Milk - inc. cheese,73.05,104.05"
1041,"Namibia,Wheat and Wheat Products,36.260000000000005,6.91"
1042,"Namibia,Rice,6.31,8.07"
1043,"Namibia,Soybeans,0.07,0.03"
1044,"Namibia,Nuts inc. Peanut Butter,0.71,1.26"
1045,"Belize,Pork,16.8,59.46"
1046,"Belize,Poultry,28.310000000000002,30.41"
1047,"Belize,Beef,4.859999999999999,149.97"
1048,"Belize,Lamb & Goat,0.14,4.9"
1049,"Belize,Fish,7.57,12.09"
1050,"Belize,Eggs,4.85,4.46"
1051,"Belize,Milk - inc. cheese,80.3,114.38"
1052,"Belize,Wheat and Wheat Products,54.06,10.31"
1053,"Belize,Rice,28.419999999999998,36.37"
1054,"Belize,Soybeans,1.8800000000000001,0.8500000000000001"
1055,"Belize,Nuts inc. Peanut Butter,5.58,9.88"
1056,"Malaysia,Pork,7.76,27.47"
1057,"Malaysia,Poultry,41.01,44.05"
1058,"Malaysia,Beef,6.52,201.19"
1059,"Malaysia,Lamb & Goat,0.9400000000000001,32.92"
1060,"Malaysia,Fish,49.43,78.92"
1061,"Malaysia,Eggs,16.57,15.219999999999999"
1062,"Malaysia,Milk - inc. cheese,25.279999999999998,36.01"
1063,"Malaysia,Wheat and Wheat Products,51.04,9.729999999999999"
1064,"Malaysia,Rice,81.25,103.98"
1065,"Malaysia,Soybeans,0.04,0.02"
1066,"Malaysia,Nuts inc. Peanut Butter,2.9,5.13"
1067,"Zimbabwe,Pork,2.65,9.38"
1068,"Zimbabwe,Poultry,4.970000000000001,5.34"
1069,"Zimbabwe,Beef,7.37,227.42000000000002"
1070,"Zimbabwe,Lamb & Goat,0.96,33.620000000000005"
1071,"Zimbabwe,Fish,2.8,4.470000000000001"
1072,"Zimbabwe,Eggs,1.75,1.61"
1073,"Zimbabwe,Milk - inc. cheese,31.9,45.44"
1074,"Zimbabwe,Wheat and Wheat Products,31.310000000000002,5.970000000000001"
1075,"Zimbabwe,Rice,10.09,12.91"
1076,"Zimbabwe,Soybeans,0.54,0.24000000000000002"
1077,"Zimbabwe,Nuts inc. Peanut Butter,2.22,3.9299999999999997"
1078,"Guatemala,Pork,4.85,17.17"
1079,"Guatemala,Poultry,16.45,17.67"
1080,"Guatemala,Beef,5.6,172.8"
1081,"Guatemala,Lamb & Goat,0.23,8.05"
1082,"Guatemala,Fish,1.08,1.72"
1083,"Guatemala,Eggs,14.61,13.42"
1084,"Guatemala,Milk - inc. cheese,46.6,66.38"
1085,"Guatemala,Wheat and Wheat Products,35.9,6.85"
1086,"Guatemala,Rice,5.659999999999999,7.24"
1087,"Guatemala,Soybeans,0.32,0.14"
1088,"Guatemala,Nuts inc. Peanut Butter,2,3.54"
1089,"Uganda,Pork,3.3699999999999997,11.93"
1090,"Uganda,Poultry,1.51,1.62"
1091,"Uganda,Beef,5.1499999999999995,158.92000000000002"
1092,"Uganda,Lamb & Goat,1.25,43.77"
1093,"Uganda,Fish,12.5,19.959999999999997"
1094,"Uganda,Eggs,0.97,0.89"
1095,"Uganda,Milk - inc. cheese,37.27,53.09"
1096,"Uganda,Wheat and Wheat Products,10.139999999999999,1.93"
1097,"Uganda,Rice,4.64,5.94"
1098,"Uganda,Soybeans,0.01,0"
1099,"Uganda,Nuts inc. Peanut Butter,3.77,6.67"
1100,"Nepal,Pork,0.6699999999999999,2.3699999999999997"
1101,"Nepal,Poultry,1.56,1.6800000000000002"
1102,"Nepal,Beef,7.89,243.47"
1103,"Nepal,Lamb & Goat,2.1,73.54"
1104,"Nepal,Fish,2.17,3.46"
1105,"Nepal,Eggs,1.42,1.3"
1106,"Nepal,Milk - inc. cheese,52.1,74.21000000000001"
1107,"Nepal,Wheat and Wheat Products,50.46,9.62"
1108,"Nepal,Rice,87.75,112.29"
1109,"Nepal,Soybeans,0.01,0"
1110,"Nepal,Nuts inc. Peanut Butter,2.42,4.28"
1111,"Iran,Pork,0,0"
1112,"Iran,Poultry,25.38,27.259999999999998"
1113,"Iran,Beef,3.58,110.47"
1114,"Iran,Lamb & Goat,3.69,129.22"
1115,"Iran,Fish,9.8,15.65"
1116,"Iran,Eggs,7.7,7.07"
1117,"Iran,Milk - inc. cheese,46.690000000000005,66.51"
1118,"Iran,Wheat and Wheat Products,153.31,29.24"
1119,"Iran,Rice,29.95,38.33"
1120,"Iran,Soybeans,0,0"
1121,"Iran,Nuts inc. Peanut Butter,12.16,21.52"
1122,"Tanzania,Pork,0.32,1.1300000000000001"
1123,"Tanzania,Poultry,1.84,1.98"
1124,"Tanzania,Beef,6.09,187.92000000000002"
1125,"Tanzania,Lamb & Goat,1.28,44.83"
1126,"Tanzania,Fish,5.5,8.78"
1127,"Tanzania,Eggs,0.58,0.53"
1128,"Tanzania,Milk - inc. cheese,40.290000000000006,57.39"
1129,"Tanzania,Wheat and Wheat Products,15.94,3.04"
1130,"Tanzania,Rice,21.01,26.89"
1131,"Tanzania,Soybeans,0.04,0.02"
1132,"Tanzania,Nuts inc. Peanut Butter,5.94,10.51"
1133,"Senegal,Pork,0.9400000000000001,3.3299999999999996"
1134,"Senegal,Poultry,4.619999999999999,4.96"
1135,"Senegal,Beef,5.85,180.52"
1136,"Senegal,Lamb & Goat,3.19,111.71000000000001"
1137,"Senegal,Fish,22.939999999999998,36.63"
1138,"Senegal,Eggs,1.6300000000000001,1.5"
1139,"Senegal,Milk - inc. cheese,16.86,24.02"
1140,"Senegal,Wheat and Wheat Products,37.32,7.119999999999999"
1141,"Senegal,Rice,72.29,92.51"
1142,"Senegal,Soybeans,0,0"
1143,"Senegal,Nuts inc. Peanut Butter,4.03,7.13"
1144,"Peru,Pork,3.8499999999999996,13.629999999999999"
1145,"Peru,Poultry,11.719999999999999,12.59"
1146,"Peru,Beef,4.6899999999999995,144.72"
1147,"Peru,Lamb & Goat,1,35.02"
1148,"Peru,Fish,15.739999999999998,25.130000000000003"
1149,"Peru,Eggs,8.76,8.05"
1150,"Peru,Milk - inc. cheese,62.15,88.53"
1151,"Peru,Wheat and Wheat Products,56.120000000000005,10.7"
1152,"Peru,Rice,48.92,62.6"
1153,"Peru,Soybeans,1.59,0.72"
1154,"Peru,Nuts inc. Peanut Butter,0.65,1.1500000000000001"
1155,"Nicaragua,Pork,3.38,11.96"
1156,"Nicaragua,Poultry,21.310000000000002,22.89"
1157,"Nicaragua,Beef,4.73,145.96"
1158,"Nicaragua,Lamb & Goat,0.01,0.35"
1159,"Nicaragua,Fish,3.59,5.73"
1160,"Nicaragua,Eggs,4.9,4.5"
1161,"Nicaragua,Milk - inc. cheese,85.16,121.3"
1162,"Nicaragua,Wheat and Wheat Products,28.17,5.37"
1163,"Nicaragua,Rice,43.33,55.449999999999996"
1164,"Nicaragua,Soybeans,0.01,0"
1165,"Nicaragua,Nuts inc. Peanut Butter,2.36,4.18"
1166,"Vietnam,Pork,35,123.88"
1167,"Vietnam,Poultry,12.360000000000001,13.28"
1168,"Vietnam,Beef,7.44,229.58"
1169,"Vietnam,Lamb & Goat,0.14,4.9"
1170,"Vietnam,Fish,26.52,42.339999999999996"
1171,"Vietnam,Eggs,3.84,3.53"
1172,"Vietnam,Milk - inc. cheese,16.36,23.3"
1173,"Vietnam,Wheat and Wheat Products,10.49,2"
1174,"Vietnam,Rice,144.56,184.99"
1175,"Vietnam,Soybeans,5.75,2.59"
1176,"Vietnam,Nuts inc. Peanut Butter,6.28,11.12"
1177,"Ethiopia,Pork,0.02,0.07"
1178,"Ethiopia,Poultry,0.6599999999999999,0.71"
1179,"Ethiopia,Beef,3.61,111.4"
1180,"Ethiopia,Lamb & Goat,1.57,54.98"
1181,"Ethiopia,Fish,0.24000000000000002,0.38"
1182,"Ethiopia,Eggs,0.36,0.32999999999999996"
1183,"Ethiopia,Milk - inc. cheese,44.14,62.87"
1184,"Ethiopia,Wheat and Wheat Products,31.259999999999998,5.96"
1185,"Ethiopia,Rice,2.25,2.88"
1186,"Ethiopia,Soybeans,0.45,0.2"
1187,"Ethiopia,Nuts inc. Peanut Butter,1.21,2.14"
1188,"Myanmar,Pork,11.31,40.03"
1189,"Myanmar,Poultry,21.87,23.49"
1190,"Myanmar,Beef,4.94,152.44"
1191,"Myanmar,Lamb & Goat,0.89,31.17"
1192,"Myanmar,Fish,54.260000000000005,86.64"
1193,"Myanmar,Eggs,6.45,5.92"
1194,"Myanmar,Milk - inc. cheese,31.479999999999997,44.839999999999996"
1195,"Myanmar,Wheat and Wheat Products,6.22,1.1900000000000002"
1196,"Myanmar,Rice,132.8,169.94"
1197,"Myanmar,Soybeans,0.38,0.17"
1198,"Myanmar,Nuts inc. Peanut Butter,4.5,7.970000000000001"
1199,"Congo,Pork,2.3899999999999997,8.46"
1200,"Congo,Poultry,13.02,13.99"
1201,"Congo,Beef,4.35,134.23"
1202,"Congo,Lamb & Goat,0.4,14.01"
1203,"Congo,Fish,26.22,41.86"
1204,"Congo,Eggs,0.6,0.55"
1205,"Congo,Milk - inc. cheese,10.69,15.229999999999999"
1206,"Congo,Wheat and Wheat Products,40.07,7.64"
1207,"Congo,Rice,16.51,21.130000000000003"
1208,"Congo,Soybeans,0,0"
1209,"Congo,Nuts inc. Peanut Butter,3.08,5.45"
1210,"Zambia,Pork,1.6600000000000001,5.88"
1211,"Zambia,Poultry,3.29,3.53"
1212,"Zambia,Beef,4.76,146.88000000000002"
1213,"Zambia,Lamb & Goat,0.6799999999999999,23.810000000000002"
1214,"Zambia,Fish,6.2,9.9"
1215,"Zambia,Eggs,3.32,3.05"
1216,"Zambia,Milk - inc. cheese,9.709999999999999,13.83"
1217,"Zambia,Wheat and Wheat Products,12.1,2.3099999999999996"
1218,"Zambia,Rice,3.05,3.9"
1219,"Zambia,Soybeans,7.3,3.29"
1220,"Zambia,Nuts inc. Peanut Butter,5.04,8.92"
1221,"Cameroon,Pork,1.47,5.2"
1222,"Cameroon,Poultry,3.29,3.53"
1223,"Cameroon,Beef,4.17,128.68"
1224,"Cameroon,Lamb & Goat,1.4,49.03"
1225,"Cameroon,Fish,14.709999999999999,23.49"
1226,"Cameroon,Eggs,0.4,0.37"
1227,"Cameroon,Milk - inc. cheese,15.27,21.75"
1228,"Cameroon,Wheat and Wheat Products,22.6,4.31"
1229,"Cameroon,Rice,23.85,30.52"
1230,"Cameroon,Soybeans,0.64,0.29000000000000004"
1231,"Cameroon,Nuts inc. Peanut Butter,9.29,16.439999999999998"
1232,"Madagascar,Pork,2.56,9.06"
1233,"Madagascar,Poultry,3.14,3.3699999999999997"
1234,"Madagascar,Beef,7.51,231.73999999999998"
1235,"Madagascar,Lamb & Goat,0.5700000000000001,19.959999999999997"
1236,"Madagascar,Fish,4.41,7.04"
1237,"Madagascar,Eggs,0.71,0.65"
1238,"Madagascar,Milk - inc. cheese,24.84,35.379999999999995"
1239,"Madagascar,Wheat and Wheat Products,9.01,1.72"
1240,"Madagascar,Rice,102.53,131.20999999999998"
1241,"Madagascar,Soybeans,0,0"
1242,"Madagascar,Nuts inc. Peanut Butter,0.35,0.62"
1243,"Malawi,Pork,5.45,19.29"
1244,"Malawi,Poultry,1.3800000000000001,1.48"
1245,"Malawi,Beef,2.3499999999999996,72.52"
1246,"Malawi,Lamb & Goat,2.07,72.49000000000001"
1247,"Malawi,Fish,7.33,11.7"
1248,"Malawi,Eggs,1.08,0.99"
1249,"Malawi,Milk - inc. cheese,7.98,11.370000000000001"
1250,"Malawi,Wheat and Wheat Products,11.77,2.24"
1251,"Malawi,Rice,4.75,6.08"
1252,"Malawi,Soybeans,1.76,0.7899999999999999"
1253,"Malawi,Nuts inc. Peanut Butter,5.08,8.99"
1254,"Guinea,Pork,0.16,0.5700000000000001"
1255,"Guinea,Poultry,1.83,1.97"
1256,"Guinea,Beef,6.26,193.17"
1257,"Guinea,Lamb & Goat,1.6,56.03"
1258,"Guinea,Fish,9.18,14.66"
1259,"Guinea,Eggs,1.95,1.79"
1260,"Guinea,Milk - inc. cheese,20.62,29.37"
1261,"Guinea,Wheat and Wheat Products,18.55,3.54"
1262,"Guinea,Rice,97.11999999999999,124.28"
1263,"Guinea,Soybeans,0,0"
1264,"Guinea,Nuts inc. Peanut Butter,4.14,7.33"
1265,"Nigeria,Pork,1.47,5.2"
1266,"Nigeria,Poultry,1.73,1.86"
1267,"Nigeria,Beef,2.3299999999999996,71.9"
1268,"Nigeria,Lamb & Goat,2.72,95.25"
1269,"Nigeria,Fish,16.03,25.59"
1270,"Nigeria,Eggs,3.46,3.18"
1271,"Nigeria,Milk - inc. cheese,7.91,11.27"
1272,"Nigeria,Wheat and Wheat Products,20.82,3.9699999999999998"
1273,"Nigeria,Rice,28.23,36.13"
1274,"Nigeria,Soybeans,2.6,1.1700000000000002"
1275,"Nigeria,Nuts inc. Peanut Butter,6.930000000000001,12.27"
1276,"Rwanda,Pork,0.76,2.69"
1277,"Rwanda,Poultry,1.34,1.44"
1278,"Rwanda,Beef,2.53,78.07"
1279,"Rwanda,Lamb & Goat,1.93,67.59"
1280,"Rwanda,Fish,3.88,6.2"
1281,"Rwanda,Eggs,0.16,0.15000000000000002"
1282,"Rwanda,Milk - inc. cheese,7.23,10.3"
1283,"Rwanda,Wheat and Wheat Products,11.34,2.16"
1284,"Rwanda,Rice,8.7,11.129999999999999"
1285,"Rwanda,Soybeans,1.93,0.8700000000000001"
1286,"Rwanda,Nuts inc. Peanut Butter,0.58,1.03"
1287,"Philippines,Pork,18.4,65.13"
1288,"Philippines,Poultry,11.91,12.79"
1289,"Philippines,Beef,4.06,125.28"
1290,"Philippines,Lamb & Goat,0.56,19.610000000000003"
1291,"Philippines,Fish,28.51,45.52"
1292,"Philippines,Eggs,4.02,3.69"
1293,"Philippines,Milk - inc. cheese,15.66,22.310000000000002"
1294,"Philippines,Wheat and Wheat Products,23.12,4.41"
1295,"Philippines,Rice,119.44000000000001,152.85000000000002"
1296,"Philippines,Soybeans,0.03,0.01"
1297,"Philippines,Nuts inc. Peanut Butter,2.08,3.68"
1298,"Ghana,Pork,1.36,4.81"
1299,"Ghana,Poultry,8.629999999999999,9.27"
1300,"Ghana,Beef,1.09,33.64"
1301,"Ghana,Lamb & Goat,1.74,60.93"
1302,"Ghana,Fish,26.05,41.59"
1303,"Ghana,Eggs,1.21,1.11"
1304,"Ghana,Milk - inc. cheese,9.08,12.93"
1305,"Ghana,Wheat and Wheat Products,14.450000000000001,2.7600000000000002"
1306,"Ghana,Rice,32.03,40.99"
1307,"Ghana,Soybeans,0.01,0"
1308,"Ghana,Nuts inc. Peanut Butter,5.56,9.84"
1309,"Togo,Pork,1.57,5.56"
1310,"Togo,Poultry,6.63,7.119999999999999"
1311,"Togo,Beef,1.53,47.21"
1312,"Togo,Lamb & Goat,1.58,55.33"
1313,"Togo,Fish,11.69,18.67"
1314,"Togo,Eggs,0.8600000000000001,0.7899999999999999"
1315,"Togo,Milk - inc. cheese,7.96,11.34"
1316,"Togo,Wheat and Wheat Products,12.91,2.46"
1317,"Togo,Rice,25.99,33.260000000000005"
1318,"Togo,Soybeans,0.01,0"
1319,"Togo,Nuts inc. Peanut Butter,3.59,6.35"
1320,"Gambia,Pork,0.18,0.64"
1321,"Gambia,Poultry,2.66,2.86"
1322,"Gambia,Beef,2.16,66.64999999999999"
1323,"Gambia,Lamb & Goat,0.71,24.86"
1324,"Gambia,Fish,23.130000000000003,36.93"
1325,"Gambia,Eggs,0.99,0.91"
1326,"Gambia,Milk - inc. cheese,45.71,65.11"
1327,"Gambia,Wheat and Wheat Products,37.91,7.23"
1328,"Gambia,Rice,61.839999999999996,79.14"
1329,"Gambia,Soybeans,0,0"
1330,"Gambia,Nuts inc. Peanut Butter,5.2700000000000005,9.33"
1331,"India,Pork,0.28,0.99"
1332,"India,Poultry,1.8800000000000001,2.02"
1333,"India,Beef,0.81,24.99"
1334,"India,Lamb & Goat,0.58,20.310000000000002"
1335,"India,Fish,4.71,7.52"
1336,"India,Eggs,2.58,2.3699999999999997"
1337,"India,Milk - inc. cheese,84.5,120.36"
1338,"India,Wheat and Wheat Products,60.56,11.55"
1339,"India,Rice,69.49000000000001,88.93"
1340,"India,Soybeans,0.39,0.18"
1341,"India,Nuts inc. Peanut Butter,1.92,3.4"
1342,"Thailand,Pork,13,46.01"
1343,"Thailand,Poultry,13.69,14.709999999999999"
1344,"Thailand,Beef,2.56,79"
1345,"Thailand,Lamb & Goat,0.05,1.75"
1346,"Thailand,Fish,19.45,31.06"
1347,"Thailand,Eggs,12.350000000000001,11.34"
1348,"Thailand,Milk - inc. cheese,29.35,41.809999999999995"
1349,"Thailand,Wheat and Wheat Products,10.93,2.08"
1350,"Thailand,Rice,114.57,146.62"
1351,"Thailand,Soybeans,2.13,0.96"
1352,"Thailand,Nuts inc. Peanut Butter,1.5,2.66"
1353,"Mozambique,Pork,5.13,18.16"
1354,"Mozambique,Poultry,1.41,1.51"
1355,"Mozambique,Beef,1.04,32.09"
1356,"Mozambique,Lamb & Goat,0.9,31.52"
1357,"Mozambique,Fish,7.74,12.360000000000001"
1358,"Mozambique,Eggs,1.7,1.56"
1359,"Mozambique,Milk - inc. cheese,4.79,6.819999999999999"
1360,"Mozambique,Wheat and Wheat Products,14.65,2.79"
1361,"Mozambique,Rice,23.41,29.959999999999997"
1362,"Mozambique,Soybeans,0.03,0.01"
1363,"Mozambique,Nuts inc. Peanut Butter,2.61,4.619999999999999"
1364,"Cambodia,Pork,6.52,23.08"
1365,"Cambodia,Poultry,1.84,1.98"
1366,"Cambodia,Beef,4.85,149.66"
1367,"Cambodia,Lamb & Goat,0,0"
1368,"Cambodia,Fish,39.59,63.21"
1369,"Cambodia,Eggs,1.37,1.26"
1370,"Cambodia,Milk - inc. cheese,3.4699999999999998,4.94"
1371,"Cambodia,Wheat and Wheat Products,2.74,0.52"
1372,"Cambodia,Rice,159.1,203.6"
1373,"Cambodia,Soybeans,4.33,1.95"
1374,"Cambodia,Nuts inc. Peanut Butter,1.25,2.21"
1375,"Sierra Leone,Pork,1.22,4.319999999999999"
1376,"Sierra Leone,Poultry,4.970000000000001,5.34"
1377,"Sierra Leone,Beef,1.99,61.41"
1378,"Sierra Leone,Lamb & Goat,0.65,22.759999999999998"
1379,"Sierra Leone,Fish,32.03,51.14"
1380,"Sierra Leone,Eggs,1.92,1.76"
1381,"Sierra Leone,Milk - inc. cheese,7,9.97"
1382,"Sierra Leone,Wheat and Wheat Products,8.719999999999999,1.660000000000"
1383,"Sierra Leone,Rice,103.3,132.19"
1384,"Sierra Leone,Soybeans,0,0"
1385,"Sierra Leone,Nuts inc. Peanut Butter,5.57,9.860000000000001"
1386,"Sri Lanka,Pork,0.05,0.18"
1387,"Sri Lanka,Poultry,4.96,5.33"
1388,"Sri Lanka,Beef,1.3800000000000001,42.58"
1389,"Sri Lanka,Lamb & Goat,0.09,3.15"
1390,"Sri Lanka,Fish,24.919999999999998,39.790000000000006"
1391,"Sri Lanka,Eggs,4.57,4.2"
1392,"Sri Lanka,Milk - inc. cheese,34.98,49.83"
1393,"Sri Lanka,Wheat and Wheat Products,37.01,7.06"
1394,"Sri Lanka,Rice,109.72,140.41"
1395,"Sri Lanka,Soybeans,0,0"
1396,"Sri Lanka,Nuts inc. Peanut Butter,1.09,1.93"
1397,"Indonesia,Pork,2.98,10.55"
1398,"Indonesia,Poultry,7.5,8.06"
1399,"Indonesia,Beef,2.59,79.92"
1400,"Indonesia,Lamb & Goat,0.46,16.110000000000003"
1401,"Indonesia,Fish,25.650000000000002,40.949999999999996"
1402,"Indonesia,Eggs,4.88,4.48"
1403,"Indonesia,Milk - inc. cheese,14.82,21.110000000000003"
1404,"Indonesia,Wheat and Wheat Products,25.45,4.85"
1405,"Indonesia,Rice,134.62,172.26999999999998"
1406,"Indonesia,Soybeans,1.12,0.5"
1407,"Indonesia,Nuts inc. Peanut Butter,4.92,8.709999999999999"
1408,"Liberia,Pork,4.01,14.19"
1409,"Liberia,Poultry,8.91,9.57"
1410,"Liberia,Beef,0.7799999999999999,24.07"
1411,"Liberia,Lamb & Goat,0.48000000000000004,16.810000000000002"
1412,"Liberia,Fish,4.13,6.59"
1413,"Liberia,Eggs,2.05,1.8800000000000001"
1414,"Liberia,Milk - inc. cheese,3.04,4.33"
1415,"Liberia,Wheat and Wheat Products,10.950000000000001,2.09"
1416,"Liberia,Rice,94.75,121.25"
1417,"Liberia,Soybeans,0.63,0.28"
1418,"Liberia,Nuts inc. Peanut Butter,1.31,2.32"
1419,"Bangladesh,Pork,0,0"
1420,"Bangladesh,Poultry,1.4,1.5"
1421,"Bangladesh,Beef,1.28,39.5"
1422,"Bangladesh,Lamb & Goat,1.33,46.58"
1423,"Bangladesh,Fish,18.07,28.85"
1424,"Bangladesh,Eggs,2.08,1.91"
1425,"Bangladesh,Milk - inc. cheese,21.91,31.21"
1426,"Bangladesh,Wheat and Wheat Products,17.47,3.3299999999999996"
1427,"Bangladesh,Rice,171.73,219.76"
1428,"Bangladesh,Soybeans,0.61,0.27"
1429,"Bangladesh,Nuts inc. Peanut Butter,0.72,1.27"
